Unnamed: 0,Unnamed: 1,Unnamed: 2,Unnamed: 3,Unnamed: 4,Unnamed: 5
,,Customer,Category,,
,,"Harmac Medical Products, Inc",Converting,,Harmac Medical Products
,,Harmac Medical Products,Converting,,
,,"Gemini Bio-Products, LLC",Converting,,
,,Impact Medical,Converting,,
,,Derma Sciences Canada Inc.,Converting,,
,,Milliken & Company,Converting,,
,,"Vella Bioscience, Inc",Filling,,
,,"MPM Medical, Inc.",Collagen/Filling,,
,,Orora Business Service Center,Filling,,
,,Nutri Tube,Converting,,
,,"Argentum Medical, LLC",Converting,,
,,Turn Therapeutics,Collagen,,
,,"CharismoUSA,Corp",Filling,,
,,"Eurofins CRL Cosmetics, Inc",Converting,,
,,"Medline Industries, Inc.",Converting,,
,,"Terrian Pharmaceuticals, LLC",Filling,,
,,Amyris Clean Beauty,Filling,,
,,Links Medical Products Inc,Converting,,
,,MDM Wound Ventures Inc,Converting,,
,,Reliance Clinical Testing Services,Converting,,
,,Nexgel,Converting,,
,,Patient Recovery,Converting,,
,,KOB Medical Devices (Deutschland)GmbH,Converting,,
,,"Good Clean Love, Inc",Filling,,
,,Instrument Specialists Inc,Converting,,
,,McKesson Medical Surgical,Converting,,
,,South Dakota Partners Inc.,Converting,,
,,KCII-IRE-IRM,Converting,,
,,"Biofilm, Inc",Filling,,
,,Lavipharm SA,Converting,,
,,Teleflex Medical Europe Ltd,Converting,,
,,Ventris Medical,Converting,,
,,B.O.S.S.,Converting,,
,,"MML Diagnostics Packaging, Inc",Converting,,
,,Freudenberg Performance Materials LP,Converting,,
,,Centurion Medical Products Corp,Converting,,
,,"Kinetic Concepts, Inc",Converting,,
,,PharmChem,Converting,,
,,"Donatelle Plastics, Inc",Converting,,
,,Implus LLC,Converting,,
,,Dielectrics Inc ( UFP Technologies Company),Converting,,
,,Advanced Science Laboratories Inc,Converting,,
,,Medline Assembly France SAS,Converting,,
,,EMED Technologies Corp,Converting,,
,,"Sliquid, LLC",Filling,,
,,Measurement Specialties,Converting,,
,,Brazabra Corp.,Converting,,
,,PREMIERE ENTERPRISES,Filling,,
,,Hydrofera LLC,Converting,,
,,Integra LifeSciences,Converting,,
,,Implus Canada,Converting,,
,,BioScreen,Converting,,
,,DeRoyal Accounts Payable Dept,Converting,,
,,"BioScience Laboratories, Inc",Converting,,
,,Monaderm,Converting,,
,,Amyris Clean Beauty,,,
,,,,,
,,TatuYou LLC,Converting,,
,,"Phardevelopment Trials, Ltd",Converting,,
